"FullName","Length","LastWriteTime"
"C:\Program Files (x86)\PACTware Consortium\PACTware 5.0\axpwshdocvw.DLL","40960","02/05/2006 11:36:00"
"C:\Program Files (x86)\PACTware Consortium\PACTware 5.0\C1.Common.dll","86016","02/03/2007 12:30:40"
"C:\Program Files (x86)\PACTware Consortium\PACTware 5.0\C1.Data.dll","917504","03/04/2009 11:16:12"
"C:\Program Files (x86)\PACTware Consortium\PACTware 5.0\C1.Win.C1FlexGrid.dll","577536","02/03/2007 12:30:40"
"C:\Program Files (x86)\PACTware Consortium\PACTware 5.0\DevExpress.Data.v15.2.dll","5265192","26/07/2018 10:11:50"
"C:\Program Files (x86)\PACTware Consortium\PACTware 5.0\DevExpress.Mvvm.v15.2.dll","488744","01/05/2017 10:39:50"
"C:\Program Files (x86)\PACTware Consortium\PACTware 5.0\DevExpress.Printing.v15.2.Core.dll","3776808","26/07/2018 10:12:00"
"C:\Program Files (x86)\PACTware Consortium\PACTware 5.0\DevExpress.Sparkline.v15.2.Core.dll","78632","26/07/2018 10:12:02"
"C:\Program Files (x86)\PACTware Consortium\PACTware 5.0\DevExpress.Utils.v15.2.dll","8405288","26/07/2018 10:12:02"
"C:\Program Files (x86)\PACTware Consortium\PACTware 5.0\DevExpress.XtraBars.v15.2.dll","5577000","01/05/2017 10:40:00"
"C:\Program Files (x86)\PACTware Consortium\PACTware 5.0\DevExpress.XtraEditors.v15.2.dll","4825384","26/07/2018 10:12:10"
"C:\Program Files (x86)\PACTware Consortium\PACTware 5.0\DevExpress.XtraGrid.v15.2.dll","2907432","26/07/2018 10:12:12"
"C:\Program Files (x86)\PACTware Consortium\PACTware 5.0\DevExpress.XtraLayout.v15.2.dll","1806120","26/07/2018 10:12:12"
"C:\Program Files (x86)\PACTware Consortium\PACTware 5.0\DevExpress.XtraNavBar.v15.2.dll","425768","01/05/2017 10:40:04"
"C:\Program Files (x86)\PACTware Consortium\PACTware 5.0\DevExpress.XtraPrinting.v15.2.dll","960296","26/07/2018 10:12:14"
"C:\Program Files (x86)\PACTware Consortium\PACTware 5.0\DotNetMagic.DLL","1118208","24/08/2009 12:09:48"
"C:\Program Files (x86)\PACTware Consortium\PACTware 5.0\DotNetZip.dll","495104","05/02/2018 09:49:56"
"C:\Program Files (x86)\PACTware Consortium\PACTware 5.0\Fdt.AppDomainExtension.dll","36744","16/04/2018 11:37:40"
"C:\Program Files (x86)\PACTware Consortium\PACTware 5.0\Fdt.AppDomainExtension.Generated.dll","171400","16/04/2018 11:37:42"
"C:\Program Files (x86)\PACTware Consortium\PACTware 5.0\Fdt.AppDomainExtension.Lib.dll","28040","16/04/2018 11:37:42"
"C:\Program Files (x86)\PACTware Consortium\PACTware 5.0\Fdt.ClrExtension.Clr2Messages.dll","42376","16/04/2018 11:37:44"
"C:\Program Files (x86)\PACTware Consortium\PACTware 5.0\Fdt.ClrExtension.Clr2Proxy.dll","175496","16/04/2018 11:37:44"
"C:\Program Files (x86)\PACTware Consortium\PACTware 5.0\Fdt.ClrExtension.Clr2Surrogate.exe","306568","16/04/2018 11:37:52"
"C:\Program Files (x86)\PACTware Consortium\PACTware 5.0\Fdt.ClrExtension.Clr2Surrogate.exe.config","134","16/04/2018 11:31:16"
"C:\Program Files (x86)\PACTware Consortium\PACTware 5.0\Fdt.ClrExtension.Clr2x64Surrogate.exe","306056","16/04/2018 11:37:52"
"C:\Program Files (x86)\PACTware Consortium\PACTware 5.0\Fdt.ClrExtension.Clr2x64Surrogate.exe.config","134","16/04/2018 11:31:16"
"C:\Program Files (x86)\PACTware Consortium\PACTware 5.0\Fdt.ClrExtension.Clr4Surrogate.exe","310152","16/04/2018 11:37:54"
"C:\Program Files (x86)\PACTware Consortium\PACTware 5.0\Fdt.ClrExtension.Clr4Surrogate.exe.config","134","16/04/2018 11:31:16"
"C:\Program Files (x86)\PACTware Consortium\PACTware 5.0\Fdt.ClrExtension.Clr4x64Surrogate.exe","309128","16/04/2018 11:37:54"
"C:\Program Files (x86)\PACTware Consortium\PACTware 5.0\Fdt.ClrExtension.Clr4x64Surrogate.exe.config","134","16/04/2018 11:31:16"
"C:\Program Files (x86)\PACTware Consortium\PACTware 5.0\Fdt.ClrExtension.Interfaces.dll","19848","16/04/2018 11:37:46"
"C:\Program Files (x86)\PACTware Consortium\PACTware 5.0\Fdt.FrameComponent.Utilities.dll","19848","16/04/2018 11:37:46"
"C:\Program Files (x86)\PACTware Consortium\PACTware 5.0\Fdt.InteractionManager.dll","181640","16/04/2018 11:37:48"
"C:\Program Files (x86)\PACTware Consortium\PACTware 5.0\Fdt1Surrogate.exe","1011592","16/04/2018 11:37:56"
"C:\Program Files (x86)\PACTware Consortium\PACTware 5.0\Fdt1Surrogate.exe.config","132","16/04/2018 11:31:22"
"C:\Program Files (x86)\PACTware Consortium\PACTware 5.0\Interop.MSXML2.dll","184320","16/04/2018 11:31:22"
"C:\Program Files (x86)\PACTware Consortium\PACTware 5.0\Interop.NativeUtilities.dll","13192","16/04/2018 11:37:56"
"C:\Program Files (x86)\PACTware Consortium\PACTware 5.0\Jigfdt.fdt100.dll","20480","02/05/2006 11:36:00"
"C:\Program Files (x86)\PACTware Consortium\PACTware 5.0\Liesmich.txt","11130","29/04/2019 13:17:22"
"C:\Program Files (x86)\PACTware Consortium\PACTware 5.0\LOG4NET.DLL","303104","05/11/2013 18:53:12"
"C:\Program Files (x86)\PACTware Consortium\PACTware 5.0\PACTWARE.exe","1011592","27/10/2018 15:57:22"
"C:\Program Files (x86)\PACTware Consortium\PACTware 5.0\PACTWARE.exe.config","136","23/03/2014 16:14:22"
"C:\Program Files (x86)\PACTware Consortium\PACTware 5.0\PACTWARE.Print.dll","66048","26/11/2018 11:12:34"
"C:\Program Files (x86)\PACTware Consortium\PACTware 5.0\PACTWARE.VER","338","29/04/2019 13:17:24"
"C:\Program Files (x86)\PACTware Consortium\PACTware 5.0\PACTwareFileAssign.exe","23040","26/11/2018 11:12:32"
"C:\Program Files (x86)\PACTware Consortium\PACTware 5.0\PACTWAREFRAME.EXE","521216","26/11/2018 11:12:44"
"C:\Program Files (x86)\PACTware Consortium\PACTware 5.0\PACTWAREFRAME.exe.config","116","23/03/2014 16:14:22"
"C:\Program Files (x86)\PACTware Consortium\PACTware 5.0\PACTwareFrame.exe.manifest","620","20/02/2014 12:57:50"
"C:\Program Files (x86)\PACTware Consortium\PACTware 5.0\PACTwareLogClient.EXE","14336","26/11/2018 11:12:34"
"C:\Program Files (x86)\PACTware Consortium\PACTware 5.0\PACTwarePassword.reg","208","02/12/2008 16:28:28"
"C:\Program Files (x86)\PACTware Consortium\PACTware 5.0\PACTwarePID.xml","767","02/06/2008 09:15:04"
"C:\Program Files (x86)\PACTware Consortium\PACTware 5.0\PACTwareResetSettings.reg","74","02/12/2008 16:28:28"
"C:\Program Files (x86)\PACTware Consortium\PACTware 5.0\PWBO.DLL","158208","26/11/2018 11:12:42"
"C:\Program Files (x86)\PACTware Consortium\PACTware 5.0\PWBO.UpdateManager.dll","53760","26/11/2018 11:12:34"
"C:\Program Files (x86)\PACTware Consortium\PACTware 5.0\PWBO.UpdateManager.Serializer.dll","27136","26/11/2018 11:12:34"
"C:\Program Files (x86)\PACTware Consortium\PACTware 5.0\PWDB.dll","358912","26/11/2018 11:12:38"
"C:\Program Files (x86)\PACTware Consortium\PACTware 5.0\PWDCHELP.pdf","157608","17/11/2017 14:18:20"
"C:\Program Files (x86)\PACTware Consortium\PACTware 5.0\PWDO_FDT.DbAdapter.DLL","36864","26/11/2018 11:12:34"
"C:\Program Files (x86)\PACTware Consortium\PACTware 5.0\PWDO_FDT.DiagnosisScan.dll","50688","26/11/2018 11:12:34"
"C:\Program Files (x86)\PACTware Consortium\PACTware 5.0\PWDO_FDT.DLL","361984","26/11/2018 11:12:36"
"C:\Program Files (x86)\PACTware Consortium\PACTware 5.0\PWEULAENG.RTF","38733","29/04/2019 13:17:24"
"C:\Program Files (x86)\PACTware Consortium\PACTware 5.0\PWEULAGER.RTF","41858","29/04/2019 13:17:24"
"C:\Program Files (x86)\PACTware Consortium\PACTware 5.0\PWFDT.INI","852","05/10/2009 16:47:42"
"C:\Program Files (x86)\PACTware Consortium\PACTware 5.0\PWID.INTERN.dll","11776","26/11/2018 11:12:34"
"C:\Program Files (x86)\PACTware Consortium\PACTware 5.0\PWMANENG.PDF","3266440","25/07/2014 16:23:28"
"C:\Program Files (x86)\PACTware Consortium\PACTware 5.0\PWMANGER.PDF","3820986","25/07/2014 16:23:10"
"C:\Program Files (x86)\PACTware Consortium\PACTware 5.0\pwshdocvw.DLL","126976","02/05/2006 11:36:00"
"C:\Program Files (x86)\PACTware Consortium\PACTware 5.0\PWUA.dll","53248","26/11/2018 11:12:36"
"C:\Program Files (x86)\PACTware Consortium\PACTware 5.0\PWUpdateInstaller.exe","20992","26/11/2018 11:12:36"
"C:\Program Files (x86)\PACTware Consortium\PACTware 5.0\PWUtil.Catalogue.dll","41984","26/11/2018 11:12:36"
"C:\Program Files (x86)\PACTware Consortium\PACTware 5.0\PWUtil.Language.dll","17408","26/11/2018 11:12:32"
"C:\Program Files (x86)\PACTware Consortium\PACTware 5.0\PWUtil5.ButtonLibrary.dll","24576","26/11/2018 11:12:32"
"C:\Program Files (x86)\PACTware Consortium\PACTware 5.0\PWUTIL5.DLL","94720","26/11/2018 11:12:34"
"C:\Program Files (x86)\PACTware Consortium\PACTware 5.0\PWUtil5.Resources.dll","24576","26/11/2018 11:12:32"
"C:\Program Files (x86)\PACTware Consortium\PACTware 5.0\Readme.txt","10244","29/04/2019 13:17:24"
"C:\Program Files (x86)\PACTware Consortium\PACTware 5.0\RuntimeFrame.dll","1834376","16/04/2018 11:37:48"
"C:\Program Files (x86)\PACTware Consortium\PACTware 5.0\RuntimeFrame.NativeUtilities.dll","106888","16/04/2018 11:37:50"
"C:\Program Files (x86)\PACTware Consortium\PACTware 5.0\RuntimeFrame.NativeUtilities.x64.dll","123784","16/04/2018 11:37:50"
"C:\Program Files (x86)\PACTware Consortium\PACTware 5.0\SETACL.EXE","1570304","25/05/2011 18:45:42"
"C:\Program Files (x86)\PACTware Consortium\PACTware 5.0\System.Data.SQLite.dll","1285632","03/03/2017 12:57:24"
"C:\Program Files (x86)\PACTware Consortium\PACTware 5.0\ADDINS\PWBASEADDIN.DLL","48128","26/11/2018 11:12:34"
"C:\Program Files (x86)\PACTware Consortium\PACTware 5.0\ADDINS\PWBASEADDIN.TopologyScan.DLL","113152","26/11/2018 11:12:36"
"C:\Program Files (x86)\PACTware Consortium\PACTware 5.0\ADDINS\PWCATALOGUE.dll","90112","26/11/2018 11:12:40"
"C:\Program Files (x86)\PACTware Consortium\PACTware 5.0\ADDINS\PWClipboard.dll","61952","26/11/2018 11:12:42"
"C:\Program Files (x86)\PACTware Consortium\PACTware 5.0\ADDINS\PWDC.DLL","738304","26/11/2018 11:12:40"
"C:\Program Files (x86)\PACTware Consortium\PACTware 5.0\ADDINS\PWDiagnosisDeviceStateManager.dll","128512","26/11/2018 11:12:36"
"C:\Program Files (x86)\PACTware Consortium\PACTware 5.0\ADDINS\PWDiagnosisStateView.dll","76800","26/11/2018 11:12:36"
"C:\Program Files (x86)\PACTware Consortium\PACTware 5.0\ADDINS\PWErrorMonitor.dll","66048","26/11/2018 11:12:38"
"C:\Program Files (x86)\PACTware Consortium\PACTware 5.0\ADDINS\PWErrorMsg.dll","50688","26/11/2018 11:12:40"
"C:\Program Files (x86)\PACTware Consortium\PACTware 5.0\ADDINS\PWMonitor.dll","146432","26/11/2018 11:12:40"
"C:\Program Files (x86)\PACTware Consortium\PACTware 5.0\ADDINS\PWPLANT.dll","77824","26/11/2018 11:12:36"
"C:\Program Files (x86)\PACTware Consortium\PACTware 5.0\ADDINS\PWPROJECT3.dll","86016","26/11/2018 11:12:34"
"C:\Program Files (x86)\PACTware Consortium\PACTware 5.0\ADDINS\PWTOPOLOGYSCAN.DLL","135168","26/11/2018 11:12:36"
"C:\Program Files (x86)\PACTware Consortium\PACTware 5.0\ADDINS\PWUpDownload.dll","86016","26/11/2018 11:12:34"
"C:\Program Files (x86)\PACTware Consortium\PACTware 5.0\ADDINS\PWUtil.Catalogue.dll","41984","26/11/2018 11:12:36"
"C:\Program Files (x86)\PACTware Consortium\PACTware 5.0\ADDINS\PWUtil.Language.dll","17408","26/11/2018 11:12:32"
"C:\Program Files (x86)\PACTware Consortium\PACTware 5.0\ADDINS\PWUtil5.ButtonLibrary.dll","24576","26/11/2018 11:12:32"
"C:\Program Files (x86)\PACTware Consortium\PACTware 5.0\ADDINS\PWUTIL5.DLL","94720","26/11/2018 11:12:34"
"C:\Program Files (x86)\PACTware Consortium\PACTware 5.0\DE\DevExpress.Data.v15.2.resources.dll","180520","01/05/2017 10:39:38"
"C:\Program Files (x86)\PACTware Consortium\PACTware 5.0\DE\DevExpress.Printing.v15.2.Core.resources.dll","14120","01/05/2017 10:39:50"
"C:\Program Files (x86)\PACTware Consortium\PACTware 5.0\DE\DevExpress.Sparkline.v15.2.Core.resources.dll","12072","01/05/2017 10:39:52"
"C:\Program Files (x86)\PACTware Consortium\PACTware 5.0\DE\DevExpress.Utils.v15.2.resources.dll","26408","01/05/2017 10:39:52"
"C:\Program Files (x86)\PACTware Consortium\PACTware 5.0\DE\DevExpress.XtraEditors.v15.2.resources.dll","105768","01/05/2017 10:40:02"
"C:\Program Files (x86)\PACTware Consortium\PACTware 5.0\DE\DevExpress.XtraGrid.v15.2.resources.dll","41768","01/05/2017 10:40:04"
"C:\Program Files (x86)\PACTware Consortium\PACTware 5.0\DE\DevExpress.XtraLayout.v15.2.resources.dll","16680","01/05/2017 10:40:04"
"C:\Program Files (x86)\PACTware Consortium\PACTware 5.0\DE\DevExpress.XtraPrinting.v15.2.resources.dll","21288","01/05/2017 10:40:06"
"C:\Program Files (x86)\PACTware Consortium\PACTware 5.0\ES\DevExpress.Data.v15.2.resources.dll","182568","01/05/2017 10:39:38"
"C:\Program Files (x86)\PACTware Consortium\PACTware 5.0\ES\DevExpress.Printing.v15.2.Core.resources.dll","14120","01/05/2017 10:39:50"
"C:\Program Files (x86)\PACTware Consortium\PACTware 5.0\ES\DevExpress.Sparkline.v15.2.Core.resources.dll","14120","01/05/2017 10:39:52"
"C:\Program Files (x86)\PACTware Consortium\PACTware 5.0\ES\DevExpress.Utils.v15.2.resources.dll","26408","01/05/2017 10:39:54"
"C:\Program Files (x86)\PACTware Consortium\PACTware 5.0\ES\DevExpress.XtraEditors.v15.2.resources.dll","83240","01/05/2017 10:40:02"
"C:\Program Files (x86)\PACTware Consortium\PACTware 5.0\ES\DevExpress.XtraGrid.v15.2.resources.dll","43816","01/05/2017 10:40:04"
"C:\Program Files (x86)\PACTware Consortium\PACTware 5.0\ES\DevExpress.XtraLayout.v15.2.resources.dll","17192","01/05/2017 10:40:04"
"C:\Program Files (x86)\PACTware Consortium\PACTware 5.0\ES\DevExpress.XtraPrinting.v15.2.resources.dll","21288","01/05/2017 10:40:06"
"C:\Program Files (x86)\PACTware Consortium\PACTware 5.0\Icons\B&R.ICO","766","02/05/2006 11:35:58"
"C:\Program Files (x86)\PACTware Consortium\PACTware 5.0\Icons\boorst.ico","4286","14/06/2017 10:37:24"
"C:\Program Files (x86)\PACTware Consortium\PACTware 5.0\Icons\BUERKERT.ICO","766","02/05/2006 11:35:58"
"C:\Program Files (x86)\PACTware Consortium\PACTware 5.0\Icons\CodeWrights.ico","34347","12/11/2015 16:19:40"
"C:\Program Files (x86)\PACTware Consortium\PACTware 5.0\Icons\EH32T_16F.ico","766","02/05/2006 11:35:58"
"C:\Program Files (x86)\PACTware Consortium\PACTware 5.0\Icons\foxboro.ico","766","02/05/2006 11:35:58"
"C:\Program Files (x86)\PACTware Consortium\PACTware 5.0\Icons\foxboro_eckardt.ico","766","02/05/2006 11:35:58"
"C:\Program Files (x86)\PACTware Consortium\PACTware 5.0\Icons\FSSOFT.ICO","766","02/05/2006 11:35:58"
"C:\Program Files (x86)\PACTware Consortium\PACTware 5.0\Icons\HostPC.ico","1406","09/02/2007 19:34:06"
"C:\Program Files (x86)\PACTware Consortium\PACTware 5.0\Icons\ICONS.INI","948","14/06/2017 10:38:50"
"C:\Program Files (x86)\PACTware Consortium\PACTware 5.0\Icons\ics_logo.ico","766","02/05/2006 11:35:58"
"C:\Program Files (x86)\PACTware Consortium\PACTware 5.0\Icons\ifak.ico","2238","02/05/2006 11:35:58"
"C:\Program Files (x86)\PACTware Consortium\PACTware 5.0\Icons\invensys.ico","766","02/05/2006 11:35:58"
"C:\Program Files (x86)\PACTware Consortium\PACTware 5.0\Icons\KROHLOGO.ICO","1078","02/05/2006 11:35:58"
"C:\Program Files (x86)\PACTware Consortium\PACTware 5.0\Icons\ksblogo.ico","1078","10/08/2010 11:30:20"
"C:\Program Files (x86)\PACTware Consortium\PACTware 5.0\Icons\Microflex.ico","4710","21/01/2010 15:45:38"
"C:\Program Files (x86)\PACTware Consortium\PACTware 5.0\Icons\MooreIndustries.ico","766","08/07/2014 16:19:08"
"C:\Program Files (x86)\PACTware Consortium\PACTware 5.0\Icons\ohmart.ico","1080","02/05/2007 17:29:04"
"C:\Program Files (x86)\PACTware Consortium\PACTware 5.0\Icons\P+F.ICO","1406","31/01/2007 17:05:06"
"C:\Program Files (x86)\PACTware Consortium\PACTware 5.0\Icons\PR.ico","766","02/05/2006 11:35:58"
"C:\Program Files (x86)\PACTware Consortium\PACTware 5.0\Icons\SAMSON.ICO","2238","02/05/2006 11:35:58"
"C:\Program Files (x86)\PACTware Consortium\PACTware 5.0\Icons\Softing.ico","102582","04/02/2016 17:56:04"
"C:\Program Files (x86)\PACTware Consortium\PACTware 5.0\Icons\t-h.ico","1078","18/04/2010 17:25:34"
"C:\Program Files (x86)\PACTware Consortium\PACTware 5.0\Icons\Turck.ico","14846","26/04/2016 14:06:02"
"C:\Program Files (x86)\PACTware Consortium\PACTware 5.0\Icons\VVO.ICO","2238","02/05/2006 11:35:58"
"C:\Program Files (x86)\PACTware Consortium\PACTware 5.0\Icons\WIKA.ICO","766","02/05/2006 11:35:58"
"C:\Program Files (x86)\PACTware Consortium\PACTware 5.0\JA\DevExpress.Data.v15.2.resources.dll","194344","01/05/2017 10:39:38"
"C:\Program Files (x86)\PACTware Consortium\PACTware 5.0\JA\DevExpress.Printing.v15.2.Core.resources.dll","14120","01/05/2017 10:39:50"
"C:\Program Files (x86)\PACTware Consortium\PACTware 5.0\JA\DevExpress.Sparkline.v15.2.Core.resources.dll","11048","01/05/2017 10:39:52"
"C:\Program Files (x86)\PACTware Consortium\PACTware 5.0\JA\DevExpress.Utils.v15.2.resources.dll","33064","01/05/2017 10:39:54"
"C:\Program Files (x86)\PACTware Consortium\PACTware 5.0\JA\DevExpress.XtraEditors.v15.2.resources.dll","122664","01/05/2017 10:40:02"
"C:\Program Files (x86)\PACTware Consortium\PACTware 5.0\JA\DevExpress.XtraGrid.v15.2.resources.dll","74024","01/05/2017 10:40:04"
"C:\Program Files (x86)\PACTware Consortium\PACTware 5.0\JA\DevExpress.XtraLayout.v15.2.resources.dll","17192","01/05/2017 10:40:04"
"C:\Program Files (x86)\PACTware Consortium\PACTware 5.0\JA\DevExpress.XtraPrinting.v15.2.resources.dll","22312","01/05/2017 10:40:06"
"C:\Program Files (x86)\PACTware Consortium\PACTware 5.0\LANGUAGE\PWBOLNG.CHN","2998","19/12/2016 16:58:44"
"C:\Program Files (x86)\PACTware Consortium\PACTware 5.0\LANGUAGE\PWBOLNG.ENG","6430","19/12/2016 16:58:44"
"C:\Program Files (x86)\PACTware Consortium\PACTware 5.0\LANGUAGE\PWBOLNG.FRA","7332","19/12/2016 16:58:44"
"C:\Program Files (x86)\PACTware Consortium\PACTware 5.0\LANGUAGE\PWBOLNG.GER","7588","19/12/2016 16:58:44"
"C:\Program Files (x86)\PACTware Consortium\PACTware 5.0\LANGUAGE\PWBOLNG.NLD","6986","19/12/2016 16:58:44"
"C:\Program Files (x86)\PACTware Consortium\PACTware 5.0\LANGUAGE\PWBOLNG.POR","7200","19/12/2016 16:58:44"
"C:\Program Files (x86)\PACTware Consortium\PACTware 5.0\LANGUAGE\PWBOLNG.RUS","6566","19/12/2016 16:58:44"
"C:\Program Files (x86)\PACTware Consortium\PACTware 5.0\LANGUAGE\PWBOLNG.SPA","7532","19/12/2016 16:58:44"
"C:\Program Files (x86)\PACTware Consortium\PACTware 5.0\LANGUAGE\PWCATLNG.CHN","2020","12/03/2018 16:44:10"
"C:\Program Files (x86)\PACTware Consortium\PACTware 5.0\LANGUAGE\PWCATLNG.ENG","2624","12/03/2018 16:44:10"
"C:\Program Files (x86)\PACTware Consortium\PACTware 5.0\LANGUAGE\PWCATLNG.FRA","2876","12/03/2018 16:44:10"
"C:\Program Files (x86)\PACTware Consortium\PACTware 5.0\LANGUAGE\PWCATLNG.GER","2694","12/03/2018 16:44:10"
"C:\Program Files (x86)\PACTware Consortium\PACTware 5.0\LANGUAGE\PWCATLNG.NLD","2844","12/03/2018 16:44:10"
"C:\Program Files (x86)\PACTware Consortium\PACTware 5.0\LANGUAGE\PWCATLNG.POR","3014","12/03/2018 16:44:10"
"C:\Program Files (x86)\PACTware Consortium\PACTware 5.0\LANGUAGE\PWCATLNG.RUS","2748","12/03/2018 16:44:10"
"C:\Program Files (x86)\PACTware Consortium\PACTware 5.0\LANGUAGE\PWCATLNG.SPA","2990","12/03/2018 16:44:10"
"C:\Program Files (x86)\PACTware Consortium\PACTware 5.0\LANGUAGE\PWCLPLNG.CHN","754","05/03/2012 20:00:04"
"C:\Program Files (x86)\PACTware Consortium\PACTware 5.0\LANGUAGE\PWCLPLNG.ENG","872","05/03/2012 20:00:04"
"C:\Program Files (x86)\PACTware Consortium\PACTware 5.0\LANGUAGE\PWCLPLNG.FRA","924","05/03/2012 20:00:04"
"C:\Program Files (x86)\PACTware Consortium\PACTware 5.0\LANGUAGE\PWCLPLNG.GER","908","05/03/2012 20:00:04"
"C:\Program Files (x86)\PACTware Consortium\PACTware 5.0\LANGUAGE\PWCLPLNG.NLD","886","05/03/2012 20:00:04"
"C:\Program Files (x86)\PACTware Consortium\PACTware 5.0\LANGUAGE\PWCLPLNG.POR","964","08/07/2014 15:00:52"
"C:\Program Files (x86)\PACTware Consortium\PACTware 5.0\LANGUAGE\PWCLPLNG.RUS","888","05/03/2012 20:00:04"
"C:\Program Files (x86)\PACTware Consortium\PACTware 5.0\LANGUAGE\PWCLPLNG.SPA","908","05/03/2012 20:00:04"
"C:\Program Files (x86)\PACTware Consortium\PACTware 5.0\LANGUAGE\PWDBLNG.CHN","1004","28/05/2018 13:32:04"
"C:\Program Files (x86)\PACTware Consortium\PACTware 5.0\LANGUAGE\PWDBLNG.ENG","1500","28/05/2018 13:32:04"
"C:\Program Files (x86)\PACTware Consortium\PACTware 5.0\LANGUAGE\PWDBLNG.FRA","1810","28/05/2018 13:32:04"
"C:\Program Files (x86)\PACTware Consortium\PACTware 5.0\LANGUAGE\PWDBLNG.GER","1804","28/05/2018 13:32:04"
"C:\Program Files (x86)\PACTware Consortium\PACTware 5.0\LANGUAGE\PWDBLNG.NLD","1672","28/05/2018 13:32:04"
"C:\Program Files (x86)\PACTware Consortium\PACTware 5.0\LANGUAGE\PWDBLNG.POR","1728","28/05/2018 13:32:04"
"C:\Program Files (x86)\PACTware Consortium\PACTware 5.0\LANGUAGE\PWDBLNG.RUS","1526","28/05/2018 13:32:04"
"C:\Program Files (x86)\PACTware Consortium\PACTware 5.0\LANGUAGE\PWDBLNG.SPA","1838","28/05/2018 13:32:04"
"C:\Program Files (x86)\PACTware Consortium\PACTware 5.0\LANGUAGE\PWDCLNG.CHN","12614","20/11/2018 18:37:22"
"C:\Program Files (x86)\PACTware Consortium\PACTware 5.0\LANGUAGE\PWDCLNG.ENG","16748","26/11/2018 10:06:16"
"C:\Program Files (x86)\PACTware Consortium\PACTware 5.0\LANGUAGE\PWDCLNG.FRA","18846","20/11/2018 18:37:22"
"C:\Program Files (x86)\PACTware Consortium\PACTware 5.0\LANGUAGE\PWDCLNG.GER","19710","26/11/2018 10:06:20"
"C:\Program Files (x86)\PACTware Consortium\PACTware 5.0\LANGUAGE\PWDCLNG.NLD","17528","20/11/2018 18:37:22"
"C:\Program Files (x86)\PACTware Consortium\PACTware 5.0\LANGUAGE\PWDCLNG.POR","18268","20/11/2018 18:37:22"
"C:\Program Files (x86)\PACTware Consortium\PACTware 5.0\LANGUAGE\PWDCLNG.RUS","18158","20/11/2018 18:37:22"
"C:\Program Files (x86)\PACTware Consortium\PACTware 5.0\LANGUAGE\PWDCLNG.SPA","18344","20/11/2018 18:37:22"
"C:\Program Files (x86)\PACTware Consortium\PACTware 5.0\LANGUAGE\PWDiagnosisSTATEVIEWADDINLNG.CHN","3574","05/06/2012 10:47:12"
"C:\Program Files (x86)\PACTware Consortium\PACTware 5.0\LANGUAGE\PWDiagnosisSTATEVIEWADDINLNG.ENG","6014","12/06/2018 15:13:58"
"C:\Program Files (x86)\PACTware Consortium\PACTware 5.0\LANGUAGE\PWDiagnosisSTATEVIEWADDINLNG.FRA","5732","05/06/2012 10:47:12"
"C:\Program Files (x86)\PACTware Consortium\PACTware 5.0\LANGUAGE\PWDiagnosisSTATEVIEWADDINLNG.GER","6422","12/06/2018 14:28:48"
"C:\Program Files (x86)\PACTware Consortium\PACTware 5.0\LANGUAGE\PWDiagnosisSTATEVIEWADDINLNG.NLD","5474","05/06/2012 10:47:12"
"C:\Program Files (x86)\PACTware Consortium\PACTware 5.0\LANGUAGE\PWDiagnosisSTATEVIEWADDINLNG.POR","5702","08/07/2014 14:59:44"
"C:\Program Files (x86)\PACTware Consortium\PACTware 5.0\LANGUAGE\PWDiagnosisSTATEVIEWADDINLNG.RUS","5590","05/06/2012 10:47:12"
"C:\Program Files (x86)\PACTware Consortium\PACTware 5.0\LANGUAGE\PWDiagnosisSTATEVIEWADDINLNG.SPA","5898","05/06/2012 10:47:12"
"C:\Program Files (x86)\PACTware Consortium\PACTware 5.0\LANGUAGE\PWDIAGNOSTICSCANADDINLNG.CHN","3818","05/06/2012 10:47:12"
"C:\Program Files (x86)\PACTware Consortium\PACTware 5.0\LANGUAGE\PWDIAGNOSTICSCANADDINLNG.ENG","5994","05/06/2012 10:47:12"
"C:\Program Files (x86)\PACTware Consortium\PACTware 5.0\LANGUAGE\PWDIAGNOSTICSCANADDINLNG.FRA","5922","05/06/2012 10:47:12"
"C:\Program Files (x86)\PACTware Consortium\PACTware 5.0\LANGUAGE\PWDIAGNOSTICSCANADDINLNG.GER","6236","05/06/2012 10:47:12"
"C:\Program Files (x86)\PACTware Consortium\PACTware 5.0\LANGUAGE\PWDIAGNOSTICSCANADDINLNG.NLD","6078","05/06/2012 10:47:12"
"C:\Program Files (x86)\PACTware Consortium\PACTware 5.0\LANGUAGE\PWDIAGNOSTICSCANADDINLNG.POR","7046","08/07/2014 15:00:04"
"C:\Program Files (x86)\PACTware Consortium\PACTware 5.0\LANGUAGE\PWDIAGNOSTICSCANADDINLNG.RUS","6422","05/06/2012 10:47:12"
"C:\Program Files (x86)\PACTware Consortium\PACTware 5.0\LANGUAGE\PWDIAGNOSTICSCANADDINLNG.SPA","6882","05/06/2012 10:47:12"
"C:\Program Files (x86)\PACTware Consortium\PACTware 5.0\LANGUAGE\PWEMOLNG.CHN","1270","25/05/2012 10:11:14"
"C:\Program Files (x86)\PACTware Consortium\PACTware 5.0\LANGUAGE\PWEMOLNG.ENG","1570","05/03/2012 20:00:04"
"C:\Program Files (x86)\PACTware Consortium\PACTware 5.0\LANGUAGE\PWEMOLNG.FRA","1692","05/03/2012 20:00:04"
"C:\Program Files (x86)\PACTware Consortium\PACTware 5.0\LANGUAGE\PWEMOLNG.GER","1624","05/03/2012 20:00:04"
"C:\Program Files (x86)\PACTware Consortium\PACTware 5.0\LANGUAGE\PWEMOLNG.NLD","1602","05/03/2012 20:00:04"
"C:\Program Files (x86)\PACTware Consortium\PACTware 5.0\LANGUAGE\PWEMOLNG.POR","1634","08/07/2014 14:58:40"
"C:\Program Files (x86)\PACTware Consortium\PACTware 5.0\LANGUAGE\PWEMOLNG.RUS","1606","05/03/2012 20:00:04"
"C:\Program Files (x86)\PACTware Consortium\PACTware 5.0\LANGUAGE\PWEMOLNG.SPA","1666","05/03/2012 20:00:04"
"C:\Program Files (x86)\PACTware Consortium\PACTware 5.0\LANGUAGE\PWERRLNG.CHN","732","05/11/2013 18:53:12"
"C:\Program Files (x86)\PACTware Consortium\PACTware 5.0\LANGUAGE\PWERRLNG.ENG","880","05/11/2013 18:53:12"
"C:\Program Files (x86)\PACTware Consortium\PACTware 5.0\LANGUAGE\PWERRLNG.FRA","920","05/11/2013 18:53:12"
"C:\Program Files (x86)\PACTware Consortium\PACTware 5.0\LANGUAGE\PWERRLNG.GER","892","05/11/2013 18:53:12"
"C:\Program Files (x86)\PACTware Consortium\PACTware 5.0\LANGUAGE\PWERRLNG.NLD","874","05/11/2013 18:53:12"
"C:\Program Files (x86)\PACTware Consortium\PACTware 5.0\LANGUAGE\PWERRLNG.POR","870","08/07/2014 14:58:14"
"C:\Program Files (x86)\PACTware Consortium\PACTware 5.0\LANGUAGE\PWERRLNG.RUS","918","05/11/2013 18:53:12"
"C:\Program Files (x86)\PACTware Consortium\PACTware 5.0\LANGUAGE\PWERRLNG.SPA","936","05/11/2013 18:53:12"
"C:\Program Files (x86)\PACTware Consortium\PACTware 5.0\LANGUAGE\PWFDTLNG.CHN","14018","28/05/2018 13:40:08"
"C:\Program Files (x86)\PACTware Consortium\PACTware 5.0\LANGUAGE\PWFDTLNG.ENG","19036","28/05/2018 13:40:10"
"C:\Program Files (x86)\PACTware Consortium\PACTware 5.0\LANGUAGE\PWFDTLNG.FRA","21512","28/05/2018 13:40:10"
"C:\Program Files (x86)\PACTware Consortium\PACTware 5.0\LANGUAGE\PWFDTLNG.GER","19856","28/05/2018 13:40:10"
"C:\Program Files (x86)\PACTware Consortium\PACTware 5.0\LANGUAGE\PWFDTLNG.NLD","19928","28/05/2018 13:40:10"
"C:\Program Files (x86)\PACTware Consortium\PACTware 5.0\LANGUAGE\PWFDTLNG.POR","20598","28/05/2018 13:40:10"
"C:\Program Files (x86)\PACTware Consortium\PACTware 5.0\LANGUAGE\PWFDTLNG.RUS","20118","28/05/2018 13:40:10"
"C:\Program Files (x86)\PACTware Consortium\PACTware 5.0\LANGUAGE\PWFDTLNG.SPA","21182","28/05/2018 13:40:10"
"C:\Program Files (x86)\PACTware Consortium\PACTware 5.0\LANGUAGE\PWLNG.CHN","14352","19/12/2016 16:50:32"
"C:\Program Files (x86)\PACTware Consortium\PACTware 5.0\LANGUAGE\PWLNG.ENG","22076","19/12/2016 16:50:32"
"C:\Program Files (x86)\PACTware Consortium\PACTware 5.0\LANGUAGE\PWLNG.FRA","25102","19/12/2016 16:50:32"
"C:\Program Files (x86)\PACTware Consortium\PACTware 5.0\LANGUAGE\PWLNG.GER","24476","19/12/2016 16:50:32"
"C:\Program Files (x86)\PACTware Consortium\PACTware 5.0\LANGUAGE\PWLNG.NLD","24694","19/12/2016 16:50:32"
"C:\Program Files (x86)\PACTware Consortium\PACTware 5.0\LANGUAGE\PWLNG.POR","25324","19/12/2016 16:50:32"
"C:\Program Files (x86)\PACTware Consortium\PACTware 5.0\LANGUAGE\PWLNG.RUS","24316","19/12/2016 16:50:32"
"C:\Program Files (x86)\PACTware Consortium\PACTware 5.0\LANGUAGE\PWLNG.SPA","25882","19/12/2016 16:50:32"
"C:\Program Files (x86)\PACTware Consortium\PACTware 5.0\LANGUAGE\PWMONLNG.CHN","4610","25/05/2012 10:11:14"
"C:\Program Files (x86)\PACTware Consortium\PACTware 5.0\LANGUAGE\PWMONLNG.ENG","6444","26/03/2012 14:47:54"
"C:\Program Files (x86)\PACTware Consortium\PACTware 5.0\LANGUAGE\PWMONLNG.FRA","7256","26/03/2012 14:47:54"
"C:\Program Files (x86)\PACTware Consortium\PACTware 5.0\LANGUAGE\PWMONLNG.GER","6782","26/03/2012 14:47:54"
"C:\Program Files (x86)\PACTware Consortium\PACTware 5.0\LANGUAGE\PWMONLNG.NLD","6558","26/03/2012 14:47:54"
"C:\Program Files (x86)\PACTware Consortium\PACTware 5.0\LANGUAGE\PWMONLNG.POR","7022","08/07/2014 14:57:54"
"C:\Program Files (x86)\PACTware Consortium\PACTware 5.0\LANGUAGE\PWMONLNG.RUS","6638","26/03/2012 14:47:54"
"C:\Program Files (x86)\PACTware Consortium\PACTware 5.0\LANGUAGE\PWMONLNG.SPA","7028","26/03/2012 14:47:54"
"C:\Program Files (x86)\PACTware Consortium\PACTware 5.0\LANGUAGE\PWPLANTLNG.CHN","1414","25/05/2012 10:11:14"
"C:\Program Files (x86)\PACTware Consortium\PACTware 5.0\LANGUAGE\PWPLANTLNG.ENG","1930","23/04/2014 18:29:44"
"C:\Program Files (x86)\PACTware Consortium\PACTware 5.0\LANGUAGE\PWPLANTLNG.FRA","2136","05/03/2012 20:00:04"
"C:\Program Files (x86)\PACTware Consortium\PACTware 5.0\LANGUAGE\PWPLANTLNG.GER","2080","05/05/2014 16:29:12"
"C:\Program Files (x86)\PACTware Consortium\PACTware 5.0\LANGUAGE\PWPLANTLNG.NLD","1974","05/03/2012 20:00:04"
"C:\Program Files (x86)\PACTware Consortium\PACTware 5.0\LANGUAGE\PWPLANTLNG.POR","2020","08/07/2014 14:57:34"
"C:\Program Files (x86)\PACTware Consortium\PACTware 5.0\LANGUAGE\PWPLANTLNG.RUS","1974","05/03/2012 20:00:04"
"C:\Program Files (x86)\PACTware Consortium\PACTware 5.0\LANGUAGE\PWPLANTLNG.SPA","2146","05/03/2012 20:00:04"
"C:\Program Files (x86)\PACTware Consortium\PACTware 5.0\LANGUAGE\PWPROJECT3LNG.CHN","1328","25/05/2012 10:11:14"
"C:\Program Files (x86)\PACTware Consortium\PACTware 5.0\LANGUAGE\PWPROJECT3LNG.ENG","1794","05/03/2012 20:00:04"
"C:\Program Files (x86)\PACTware Consortium\PACTware 5.0\LANGUAGE\PWPROJECT3LNG.FRA","2036","05/03/2012 20:00:04"
"C:\Program Files (x86)\PACTware Consortium\PACTware 5.0\LANGUAGE\PWPROJECT3LNG.GER","1904","05/03/2012 20:00:04"
"C:\Program Files (x86)\PACTware Consortium\PACTware 5.0\LANGUAGE\PWPROJECT3LNG.NLD","1860","05/03/2012 20:00:04"
"C:\Program Files (x86)\PACTware Consortium\PACTware 5.0\LANGUAGE\PWPROJECT3LNG.POR","2000","08/07/2014 14:56:58"
"C:\Program Files (x86)\PACTware Consortium\PACTware 5.0\LANGUAGE\PWPROJECT3LNG.RUS","1896","05/03/2012 20:00:04"
"C:\Program Files (x86)\PACTware Consortium\PACTware 5.0\LANGUAGE\PWPROJECT3LNG.SPA","2158","05/03/2012 20:00:04"
"C:\Program Files (x86)\PACTware Consortium\PACTware 5.0\LANGUAGE\PWTCILNG.CHN","1094","05/03/2012 20:00:04"
"C:\Program Files (x86)\PACTware Consortium\PACTware 5.0\LANGUAGE\PWTCILNG.ENG","1358","05/03/2012 20:00:04"
"C:\Program Files (x86)\PACTware Consortium\PACTware 5.0\LANGUAGE\PWTCILNG.FRA","1448","05/03/2012 20:00:04"
"C:\Program Files (x86)\PACTware Consortium\PACTware 5.0\LANGUAGE\PWTCILNG.GER","1410","05/03/2012 20:00:04"
"C:\Program Files (x86)\PACTware Consortium\PACTware 5.0\LANGUAGE\PWTCILNG.NLD","1454","05/03/2012 20:00:04"
"C:\Program Files (x86)\PACTware Consortium\PACTware 5.0\LANGUAGE\PWTCILNG.POR","1614","08/07/2014 14:58:58"
"C:\Program Files (x86)\PACTware Consortium\PACTware 5.0\LANGUAGE\PWTCILNG.RUS","1478","05/03/2012 20:00:04"
"C:\Program Files (x86)\PACTware Consortium\PACTware 5.0\LANGUAGE\PWTCILNG.SPA","1570","05/03/2012 20:00:04"
"C:\Program Files (x86)\PACTware Consortium\PACTware 5.0\LANGUAGE\PWTOPOLOGYSCANLNG.CHN","6622","24/05/2018 15:04:34"
"C:\Program Files (x86)\PACTware Consortium\PACTware 5.0\LANGUAGE\PWTOPOLOGYSCANLNG.ENG","9492","31/10/2018 15:27:10"
"C:\Program Files (x86)\PACTware Consortium\PACTware 5.0\LANGUAGE\PWTOPOLOGYSCANLNG.FRA","10380","24/05/2018 15:04:34"
"C:\Program Files (x86)\PACTware Consortium\PACTware 5.0\LANGUAGE\PWTOPOLOGYSCANLNG.GER","10464","27/09/2018 14:34:06"
"C:\Program Files (x86)\PACTware Consortium\PACTware 5.0\LANGUAGE\PWTOPOLOGYSCANLNG.NLD","10406","24/05/2018 15:04:34"
"C:\Program Files (x86)\PACTware Consortium\PACTware 5.0\LANGUAGE\PWTOPOLOGYSCANLNG.POR","11086","24/05/2018 15:04:34"
"C:\Program Files (x86)\PACTware Consortium\PACTware 5.0\LANGUAGE\PWTOPOLOGYSCANLNG.RUS","10824","24/05/2018 15:04:34"
"C:\Program Files (x86)\PACTware Consortium\PACTware 5.0\LANGUAGE\PWTOPOLOGYSCANLNG.SPA","11168","24/05/2018 15:04:34"
"C:\Program Files (x86)\PACTware Consortium\PACTware 5.0\LANGUAGE\PWUALNG.CHN","2074","28/07/2014 14:19:02"
"C:\Program Files (x86)\PACTware Consortium\PACTware 5.0\LANGUAGE\PWUALNG.ENG","2990","28/07/2014 14:19:02"
"C:\Program Files (x86)\PACTware Consortium\PACTware 5.0\LANGUAGE\PWUALNG.FRA","3434","28/07/2014 14:19:02"
"C:\Program Files (x86)\PACTware Consortium\PACTware 5.0\LANGUAGE\PWUALNG.GER","3176","28/07/2014 14:19:02"
"C:\Program Files (x86)\PACTware Consortium\PACTware 5.0\LANGUAGE\PWUALNG.NLD","3256","28/07/2014 14:19:02"
"C:\Program Files (x86)\PACTware Consortium\PACTware 5.0\LANGUAGE\PWUALNG.POR","3240","28/07/2014 14:19:02"
"C:\Program Files (x86)\PACTware Consortium\PACTware 5.0\LANGUAGE\PWUALNG.RUS","2974","28/07/2014 14:19:02"
"C:\Program Files (x86)\PACTware Consortium\PACTware 5.0\LANGUAGE\PWUALNG.SPA","3370","28/07/2014 14:19:02"
"C:\Program Files (x86)\PACTware Consortium\PACTware 5.0\LANGUAGE\PWUPDOWNLOADADDINLNG.CHN","2116","05/06/2012 10:47:12"
"C:\Program Files (x86)\PACTware Consortium\PACTware 5.0\LANGUAGE\PWUPDOWNLOADADDINLNG.ENG","2702","05/06/2012 10:47:12"
"C:\Program Files (x86)\PACTware Consortium\PACTware 5.0\LANGUAGE\PWUPDOWNLOADADDINLNG.FRA","2858","05/06/2012 10:47:12"
"C:\Program Files (x86)\PACTware Consortium\PACTware 5.0\LANGUAGE\PWUPDOWNLOADADDINLNG.GER","2814","05/06/2012 10:47:12"
"C:\Program Files (x86)\PACTware Consortium\PACTware 5.0\LANGUAGE\PWUPDOWNLOADADDINLNG.NLD","2806","05/06/2012 10:47:12"
"C:\Program Files (x86)\PACTware Consortium\PACTware 5.0\LANGUAGE\PWUPDOWNLOADADDINLNG.POR","2886","08/07/2014 14:55:28"
"C:\Program Files (x86)\PACTware Consortium\PACTware 5.0\LANGUAGE\PWUPDOWNLOADADDINLNG.RUS","2820","05/06/2012 10:47:12"
"C:\Program Files (x86)\PACTware Consortium\PACTware 5.0\LANGUAGE\PWUPDOWNLOADADDINLNG.SPA","2948","05/06/2012 10:47:12"
"C:\Program Files (x86)\PACTware Consortium\PACTware 5.0\RU\DevExpress.Data.v15.2.resources.dll","206120","01/05/2017 10:39:38"
"C:\Program Files (x86)\PACTware Consortium\PACTware 5.0\RU\DevExpress.Printing.v15.2.Core.resources.dll","14632","01/05/2017 10:39:50"
"C:\Program Files (x86)\PACTware Consortium\PACTware 5.0\RU\DevExpress.Sparkline.v15.2.Core.resources.dll","14632","01/05/2017 10:39:52"
"C:\Program Files (x86)\PACTware Consortium\PACTware 5.0\RU\DevExpress.Utils.v15.2.resources.dll","28968","01/05/2017 10:39:54"
"C:\Program Files (x86)\PACTware Consortium\PACTware 5.0\RU\DevExpress.XtraEditors.v15.2.resources.dll","126248","01/05/2017 10:40:02"
"C:\Program Files (x86)\PACTware Consortium\PACTware 5.0\RU\DevExpress.XtraGrid.v15.2.resources.dll","50984","01/05/2017 10:40:04"
"C:\Program Files (x86)\PACTware Consortium\PACTware 5.0\RU\DevExpress.XtraLayout.v15.2.resources.dll","18216","01/05/2017 10:40:04"
"C:\Program Files (x86)\PACTware Consortium\PACTware 5.0\RU\DevExpress.XtraPrinting.v15.2.resources.dll","22824","01/05/2017 10:40:06"
"C:\Program Files (x86)\PACTware Consortium\PACTware 5.0\XMLDATA\PWBTMInit.xml","243","02/05/2006 11:35:58"
"C:\Program Files (x86)\PACTware Consortium\PACTware 5.0\XMLDATA\PWChildNodes.xml","180","02/05/2006 11:35:58"
"C:\Program Files (x86)\PACTware Consortium\PACTware 5.0\XMLDATA\PWDocNode.xml","354","25/02/2008 18:07:24"
"C:\Program Files (x86)\PACTware Consortium\PACTware 5.0\XMLDATA\PWDocNodeDTMDoc.xml","64","02/05/2006 11:35:58"
"C:\Program Files (x86)\PACTware Consortium\PACTware 5.0\XMLDATA\PWDocNodes.xml","187","26/03/2012 14:47:54"
"C:\Program Files (x86)\PACTware Consortium\PACTware 5.0\XMLDATA\PWDTMInfoList.xml","222","02/05/2006 11:35:58"
"C:\Program Files (x86)\PACTware Consortium\PACTware 5.0\XMLDATA\PWDTMInit.xml","180","02/05/2006 11:35:58"
"C:\Program Files (x86)\PACTware Consortium\PACTware 5.0\XMLDATA\PWEmpty.xml","31","02/05/2006 11:35:58"
"C:\Program Files (x86)\PACTware Consortium\PACTware 5.0\XMLDATA\PWFUNCTIONCALL.XML","279","02/05/2006 11:35:58"
"C:\Program Files (x86)\PACTware Consortium\PACTware 5.0\XMLDATA\PWOPERATIONPHASE.XML","109","02/05/2006 11:35:58"
"C:\Program Files (x86)\PACTware Consortium\PACTware 5.0\XMLDATA\PWParentNodes.xml","139","02/05/2006 11:35:58"
"C:\Program Files (x86)\PACTware Consortium\PACTware 5.0\XMLDATA\PWPrimaryParent.xml","57","02/05/2006 11:35:58"
"C:\Program Files (x86)\PACTware Consortium\PACTware 5.0\XMLDATA\PWSystemTag.xml","48","02/05/2006 11:35:58"
"C:\Program Files (x86)\PACTware Consortium\PACTware 5.0\XMLDATA\PWUserInformation.xml","400","02/05/2006 11:35:58"
"C:\Program Files (x86)\PACTware Consortium\PACTware 5.0\XMLSCHEMAS\PACTwareProgramParameterSchema.xml","4122","06/02/2011 19:02:44"
"C:\Program Files (x86)\PACTware Consortium\PACTware 5.0\XSLDATA\DTMSTYLE.XSL","10809","12/12/2016 16:45:52"
"C:\Program Files (x86)\PACTware Consortium\PACTware 5.0\XSLDATA\FDTHARTIDENTTRANSFORMATION_CORRECTED.XSL","15588","10/08/2010 11:30:20"
"C:\Program Files (x86)\PACTware Consortium\PACTware 5.0\XSLDATA\PACTWARE.GIF","1347","02/05/2006 11:35:58"
"C:\Program Files (x86)\PACTware Consortium\PACTware 5.0\XSLDATA\PACTWARELOGO.GIF","2973","02/05/2006 11:35:58"
"C:\Program Files (x86)\PACTware Consortium\PACTware 5.0\XSLDATA\PACTwareStyle.xsl","9853","26/03/2012 14:47:54"
"C:\Program Files (x86)\PACTware Consortium\PACTware 5.0\XSLDATA\PWFDTHARTIDENTTRANSFORMATION.XSL","12713","27/02/2011 17:16:32"
"C:\Program Files (x86)\PACTware Consortium\PACTware 5.0\XSLDATA\PWFDTPROFIBUSIDENTTRANSFORMATION.XSL","13746","16/03/2015 18:20:24"
"C:\Program Files (x86)\PACTware Consortium\PACTware 5.0\XSLDATA\VEGA PROTOCOL.xsl","1487","02/05/2006 11:35:58"
"C:\Program Files (x86)\PACTware Consortium\PACTware 5.0\XSLDATA\VEGA PROTOCOLENG.xsl","1487","02/05/2006 11:35:58"
"C:\Program Files (x86)\PACTware Consortium\PACTware 5.0\XSLDATA\VEGA PROTOCOLFRA.xsl","1513","02/05/2006 11:35:58"
"C:\Program Files (x86)\PACTware Consortium\PACTware 5.0\XSLDATA\VEGA PROTOCOLGER.xsl","1506","02/05/2006 11:35:58"
"C:\Program Files (x86)\PACTware Consortium\PACTware 5.0\XSLDATA\VEGA PROTOCOLSPA.xsl","1518","02/05/2006 11:35:58"
